카테고리,product,price,rate
라면,[농심] 신라면 120gx5입,3680,4.95
라면,[농심] 올리브 짜파게티 (140gx5입),4280,4.95
라면,[농심] 안성탕면 5입 625g (125g5입),2980,4.94
라면,[농심] 육개장 사발면 (86gx6입),4500,4.95
라면,오뚜기 진라면 매운맛 120g*5입,3100,4.96
라면,농심 얼큰한 너구리 (120gx5입),4080,4.95
라면,오뚜기 진라면 순한맛 120g(5입),3100,4.95
라면,농심 사천백짬뽕 4입,4380,4.79
라면,팔도비빔면 윈터에디션,3000,4.95
라면,[오뚜기] 열라면 5입 (120g*5입),2170,4.95
라면,[삼양] 삼양라면 5입,2800,4.93
라면,농심 신라면 건면 5입,3680,4.91
라면,삼양 불닭볶음면 105g,992,4.94
라면,[오뚜기] 스낵면 540g (108g*5입),2950,4.94
라면,[농심] 튀김우동 큰사발 111g,1030,4.94
라면,[농심] 신라면 컵 6입 390g (65g6입),4740,4.95
라면,[팔도 Paldo] 왕뚜껑 110g,1000,4.94
라면,[농심] 튀김 우동 컵 (62g6입),4740,4.94
라면,농심 사리면 110g*5입,1380,4.91
라면,[농심] 김치 사발면 (86gx6),4500,4.94
라면,오뚜기 오동통면 얼큰한맛 120gX4개,2800,4.94
라면,농심 앵그리짜파구리 4입,3680,4.9
라면,No Brand [노브랜드] 짜장라면 5개입,2280,4.85
라면,No Brand [노브랜드] 라면 한 그릇 115gx5봉입,1980,4.85
라면,[농심] 짜파게티 범벅 (70g6입),4500,4.95
라면,하림 The미식 장인라면 얼큰한맛464g,8800,4.55
라면,농심 배홍동비빔면 4입,2980,4.89
라면,[농심] 오징어 짬뽕 5입 620g (124g5입),3680,4.92
라면,삼양 까르보불닭볶음면 105g,1340,4.94
라면,농심 생생우동봉지 4입,6980,4.93
라면,[삼양] 나가사끼 짬뽕 (115g*5입),4480,4.91
라면,팔도 틈새라면 빨계떡120g*5입,4400,4.93
라면,오뚜기 육개장 큰컵 104g*6(20%증량),3780,4.88
라면,[삼양] 불닭 볶음면 (140gx5입),4680,4.94
라면,풀무원 로스팅짜장 파기름라면 4인,2980,4.81
라면,오뚜기 진짬뽕 130gX4입,5980,4.94
라면,[농심] 사리곰탕면 (110gx5입),4280,4.92
라면,[농심] 사리곰탕 큰사발면 111g,1030,4.93
라면,[삼양] 불닭볶음면 (70g*6회) 420g,5520,4.95
라면,오뚜기 진라면 소컵 순한맛(65gX6개),4500,4.94
라면,No Brand [노브랜드] 육개장컵라면 79g,500,4.88
라면,No Brand 노브랜드 쌀국수 얼큰한맛 92g,980,4.81
라면,[농심] 짜파게티 큰사발면 123g,1030,4.92
라면,오뚜기 컵누들 우동맛,1080,4.92
라면,오뚜기 순후추라면(110GX4),3980,4.93
라면,No Brand 노브랜드 쌀국수 멸치맛 92g,980,4.8
라면,오뚜기 진라면 소컵 매운맛(65gX6개),4500,4.95
라면,[농심] 신라면 컵 65g,790,4.94
라면,[오뚜기] 컵누들 매콤한맛 소컵 37.8g*6,6480,4.95
라면,[농심] 오징어 짬뽕 컵 67g,790,4.94
라면,오뚜기 짜장면 135gX4개입,2980,4.92
라면,농심 앵그리짜파구리 큰사발,1320,4.88
라면,[농심] 튀김 우동 컵 62g,790,4.94
라면,[삼양] 짜짜로니 140gx4개입,2200,4.88
라면,농심 신라면 볶음면 131g*4입,3980,4.74
라면,[농심] 올리브 짜파게티 (140g*5입),4280,4.97
라면,하림 The미식 장인라면 담백한맛448g,8800,4.64
라면,농심 무파마탕면 4입,4080,4.91
라면,풀무원 자연은맛있다 홍면 4입,3480,4.82
라면,[농심] 육개장 큰사발면 110g,1030,4.92
라면,[농심] 신라면 큰사발 114g,1030,4.94
라면,쇠고기미역국라면 115gX4입,5480,4.89
라면,No Brand [노브랜드] 파돈코츠라멘 172g,1980,4.83
라면,팔도 왕뚜껑 130g*4입,2304,4.82
라면,[농심]신라면 블랙 536g(4입),5480,4.89
라면,[농심] 새우탕 컵면 67g,790,4.93
라면,[농심] 너구리 컵 (62g6입),4900,4.94
라면,No Brand 노브랜드 라면한그릇(얼큰한맛) 5입,2680,4.87
라면,PEACOCK 피코크 초마짬뽕라면 500g,4880,4.81
라면,오뚜기 스파게티 150g*4입,3550,4.9
라면,No Brand 노브랜드마라탕면189.7g,1950,4.64
라면,농심 신라면건면사발 4입,4960,4.89
라면,[오뚜기] 라면볶이 120g,950,4.92
라면,삼양 큰컵 4가지치즈불닭볶음면 110g,1400,4.88
과자,PEACOCK (G)[피코크] 초콜릿 샌드위치 비스킷 135g,2980,4.91
과자,[농심] 새우깡90g,1020,4.95
과자,★31%할인 적용된 가격(12/16~12/29)크라운쵸코하임 18개입 284g,3280,4.96
과자,오리온 초코송이 36g*2번들,980,4.96
과자,농심 새우깡 블랙,1980,4.54
과자,No Brand 노브랜드 고르곤졸라치즈 소프트콘 145g,1280,4.87
과자,No Brand 노브랜드 감자칩 오리지날 110g,890,4.9
과자,[크라운] 버터와플 316g,4380,4.95
과자,[롯데] 칸쵸 196g,1980,4.95
과자,★20%할인된 가격(12/16~12/29)오리온 예감 오리지널 192g,2280,4.95
과자,해태 사브레 252g,3580,4.93
과자,[해태] 홈런볼초코 5번들 230g,5980,4.96
과자,[롯데] 꼬깔콘 군옥수수맛 67g,1000,4.95
과자,★31%할인 적용된 가격(12/16~12/29)크라운 화이트하임 18개입 284g,3280,4.96
과자,롯데 아몬드빼빼로132G,3480,4.95
과자,[롯데] 빈츠 204g,3360,4.96
과자,크라운 국희땅콩샌드 372g(12입),3840,4.93
과자,[크라운] 쿠크다스 화이트 토르테  288g,2880,4.95
과자,★29%할인 적용된 가격(12/16~12/29)[크라운] 참크래커 280g,2380,4.94
과자,[크라운] 빅파이 딸기 324g,3840,4.94
과자,★33%할인 적용된 가격(12/16~12/29)크라운 쿠크다스케이크 154g,1980,4.93
과자,No Brand 노브랜드 자색고구마칩 110g,980,4.87
과자,PEACOCK (G)[피코크] 초코밀크 타르트 비스킷225g,2980,4.87
과자,롯데 치토스 매콤달콤한맛 82g,1000,4.93
과자,★20%할인된 가격(12/16~12/29)해태 에이스 364g,3180,4.96
과자,몽쉘 크림케이크384g,3980,4.94
과자,농심 양파링 84g,1200,4.94
과자,No Brand 노브랜드 감자칩 사워크림&어니언 110g,980,4.9
과자,농심 오징어집 83g,1200,4.95
과자,[롯데] 마가렛트오리지날396g,5280,4.95
과자,[오리온] 왕고래밥 56g,980,4.95
과자,[농심] 매운새우깡 90g,990,4.95
과자,해태 허니버터칩4번들 152g,2980,4.95
과자,[오리온] 초코파이 정 새로운시작 12팩 468g (39g*12팩),3830,4.95
과자,오레오 화이트크림 샌드위치 쿠키100g,980,4.95
과자,[농심] 포스틱 84g,1200,4.95
과자,크라운 참쌀선과 253g,4320,4.95
과자,해태 오예스미니192g,2880,4.95
과자,[농심] 칩포테토 오리지날 125g,1980,4.93
과자,No Brand 노브랜드 카스타드,3180,4.92
과자,오리온 쫀득한 찹쌀떡먹은 참붕어빵 232g,3180,4.93
과자,[농심] 감자깡 75g,1200,4.95
과자,롯데 치토스스모키바베큐맛 82g,1000,4.93
과자,No Brand 노브랜드 라면스낵 250g,1980,4.8
과자,(G)프링글스 오리지널 134g,2980,4.9
과자,[농심] 알새우칩 68g,1200,4.94
과자,[오리온] 오징어 땅콩(오리지널) 202g,2380,4.93
과자,No Brand 노브랜드 초코 웨이퍼롤 115g,980,4.91
과자,★20%할인된 가격(12/16~12/29)오리온 예감 치즈그라탕 204g,2280,4.96
과자,PEACOCK (G)[피코크] 초코칩쿠키 브라우니 150g,2480,4.88
과자,[농심] 자갈치90g,1200,4.94
과자,오리온 감자패밀리팩 180g,3980,4.95
과자,PEACOCK (G)[피코크] 쿠키프렌즈 255g,4980,4.65
과자,PEACOCK [피코크] 마몰로 판나코타 200g,2786,4.82
과자,[크라운] 쿠크다스 비엔나 커피  288g,2880,4.94
과자,해태 오예스18입540g,7180,4.97
과자,[롯데] 꼬깔콘 고소한맛 67g,1000,4.95
과자,No Brand 노브랜드 초코파이 420g,1880,4.93
과자,No Brand 노브랜드 버터쿠키 400g,2980,4.88
과자,[농심] 새우깡 400g,3850,4.93
과자,[농심] 수미칩 오리지널 85g,1900,4.92
과자,롯데 빼빼로누드초코50g,1180,4.95
과자,농심 포테토칩 오리지널 4번들,2980,4.97
과자,[롯데] 칙촉 180g,3840,4.94
과자,삼립 미니꿀약과 500g,3980,4.93
과자,PEACOCK 피코크 온더보더 나쵸칩 오리지널 100g,1980,4.75
과자,뻥이요302g,2600,4.93
과자,[농심] 쌀새우깡 80g,1020,4.92
과자,No Brand 노브랜드 초코칩쿠키 400g,3480,4.78
과자,No Brand 노브랜드 바삭한 갈릭새우칩 140g,1680,4.9
과자,[오리온] 후레쉬 베리 12입 336g,5120,4.95
과자,롯데 쁘띠몽쉘제로카카오174g,3360,4.76
과자,[해태] 맛동산(38g*8회) 304g,4640,4.94
커피,(쓱배송)  [맥심] 모카골드 마일드 커피믹스 250입,27200,4.95
커피,(쓱배송)  [맥심] 카누 마일드 로스트 아메리카노 미니 150입,25800,4.97
커피,맥심 (쓱배송)  [맥심] 화이트골드 커피믹스 250입,27200,4.96
커피,[매일]바리스타룰스 블랙 만델링 1L,4900,4.89
커피,[매일] 바리스타룰스 로-슈거 에스프레소 라떼 250ml,1750,4.95
커피,[매일] 바리스타룰스 에스프레소 라떼 250ml,1750,4.94
커피,[매일] 마이 카페라떼 220ml*6입 기획 (기획랜덤구성),5980,4.94
커피,맥심  카누 마일드 로스트 아메리카노 미니 100입,19000,4.95
커피,[서울우유] 스페셜티 카페라떼 마일드 250ml,1000,4.93
커피,No Brand 노브랜드 콜롬비아 아메리카노 블랙 2.1L,2980,4.94
커피,[매일] 바리스타룰스 모카프레소 250ml,1750,4.93
커피,[매일] 바리스타룰스 블랙 코스타리카 1L,4900,4.88
커피,맥심 카누  마일드 미니 27g (0.9g*30입),5980,4.95
커피,맥심 슈프림골드 커피믹스 20입,3580,4.83
커피,[맥심] 카누 윈터 블렌드 아메리카노 미니 0.9g*100,20900,4.91
커피,동서식품(주) [맥심]카누  디카페인 아메리카노 미니 100입,20900,4.95
커피,서울우유 강릉커피 라떼 250ml,1980,4.87
커피,맥심카누너티카라멜라떼 415.2g,8700,4.82
커피,[맥심] 모카골드 마일드 커피믹스 (12g*100입),13900,4.93
커피,동서식품(주) 카누 돌체라떼 415.2g(24입),8700,4.91
커피,TOP 마스터라떼 380ml,2380,4.92
커피,[스타벅스] 카페 라떼 200ml,1900,4.94
커피,[맥심] 모카골드 마일드 커피믹스 (12g*20입),3170,4.93
커피,동서식품(주) [맥심]카누 미니 다크 로스트 아메리카노 100입,19000,4.94
커피,동서식품(주) 카누 바닐라라떼 24입,10230,4.91
커피,[스타벅스]  카페라떼 270ml,2450,4.94
커피,[서울우유] 스페셜티 카페라떼 모카 250ml,1000,4.92
커피,맥심 슈프림골드 커피믹스 150입+20입,25800,4.92
커피,동서식품(주) (쓱배송)  [맥심]카누 다크 아메리카노 미니 150입,25800,4.96
커피,맥심  화이트골드 커피믹스 (11.7g*50) 585g,7750,4.94
커피,PEACOCK [피코크] 콜드브루아메리카노(390ml×6),13080,4.86
커피,[서울우유] 스페셜티 카페라떼 아포가토 250ml,1000,4.89
커피,[매일]바리스타룰스 카라멜 딥 프레소 250ml,1750,4.92
커피,동서식품(주) [맥심] 화이트골드 커피믹스 180입 (11.7g*180개) (+20입 or 사은품 랜덤 증정),25400,4.92
커피,[맥심] 모카 골드 마일드 (12g*50입),7450,4.93
커피,[스타벅스] 더블샷 에스프레소&크림 (200ml*4캔),4780,4.92
커피,TOP 더블랙 380ml,2380,4.92
커피,No Brand 노브랜드 카라멜 마끼아또 300ml,1280,4.88
커피,스타벅스 파이크플레이스 로스트 by 네스카페 돌체구스토 캡슐,7900,4.92
커피,네스카페 돌체구스토 캡슐 아메리카노 30입,15900,4.97
커피,[스타벅스]  돌체구스토 하우스 블렌드,7900,4.94
커피,[한국야쿠르트] 콜드브루 액상스틱 72ml(12ml*6개입),3000,4.89
커피,No Brand 노브랜드 까페N블렌드1kg,9980,4.86
커피,[맥심]TOP 스위트아메리카노 275ml 4+2기획,5860,4.93
커피,[맥심]TOP 마스터라떼 275ml 4+2기획,5860,4.93
커피,동서식품(주) [맥심] 모카골드 마일드 500g,18350,4.92
커피,[맥심]카누더블샷라떼 50입 (13.5g*50개입),19000,4.93
커피,"동서식품(주) [맥심] 화이트골드 커피믹스(11.7g*100) 1,170g",14800,4.94
커피,일리 클래식로스트 디카페인 미니 1g*30개,8980,4.92
커피,맥심 카누 미니 마일드 로스트 스위트 아메리카노 100입 290g (2.9g*100입),20450,4.94
커피,[스타벅스]  하우스 블렌드 분쇄 원두 200g,10900,4.88
커피,맥심카누 다크로스트 아메리카노60입,15480,4.95
커피,티오피 심플리스무스 로스티라떼360ml(4+2),5980,4.94
커피,동서식품(주) [맥심]  모카골드 부드러운 블랙믹스 100개입,9580,4.95
커피,[서울우유] 스페셜티 카페라떼 다크 250ml,1000,4.91
커피,동서식품(주) [맥심]카누더블샷라떼 30입 (13.5g*30개입),9780,4.9
커피,맥심카누 마일드로스트 아메리카노 60입,15480,4.95
커피,스타벅스 네스프레소 브렉퍼스트 블렌드,7700,4.85
커피,[맥심]카누 라떼 50입 (13.5g*50개입),19000,4.95
커피,[스타벅스]  네스프레소 블론드 에스프레소 로스트,7700,4.95
커피,[스타벅스]  네스프레소 에스프레소 로스트,7700,4.92
커피,[루카스나인] 더블샷라떼 30입,9980,4.91
커피,동서식품(주) 카누 디카페인라떼 30입,11500,4.83
커피,동서식품(주) [맥심] 모카골드 마일드 리필 170g,7380,4.92
커피,동서식품(주) [맥심] 아라비카100 리필 150g,7480,4.9
커피,[스타벅스] 프라푸치노 커피 모카 281ml,2180,4.92
커피,[스타벅스]  네스프레소 싱글오리진 콜롬비아,7700,4.94
커피,스타벅스 파이크 플레이스 by 네스프레소 캡슐 53g (5.3g x 10개입),7700,4.92
커피,일리 클래식로스트 미니 1g*30개,8980,4.9
제철과일,딸기 500g/팩,10900,4.72
제철과일,[필리핀산] Dole 스위티오 바나나 1.3kg내외,4980,4.85
제철과일,파머스픽 당도선별 감귤 3kg/박스,10900,4.68
제철과일,한입 쏙 딸기 750g/박스,12500,4.69
제철과일,제스프리 제주 골드키위/팩 (1kg내외),12800,4.81
제철과일,크리스마스 감귤 3.5kg/박스,9980,4.77
제철과일,파머스픽 한단딸기 750g/팩,14900,4.77
제철과일,대추방울토마토 750g/팩,6900,4.82
제철과일,[필리핀산] 신세계푸드 스카이 고산지 바나나 1kg내외,3980,4.76
제철과일,[칠레산] 체리 500g/팩,11800,4.58
제철과일,[페루산] 순 유기농 바나나 1묶음 (1.1kg 내외),2988,4.72
제철과일,애플토마토 600g/팩,4900,4.85
제철과일,엔비사과 4~6입/봉 (1.3kg내외),9980,4.72
제철과일,토마주르토마토 750g/팩,5900,4.83
제철과일,샤인머스캣 500g/팩,8900,4.67
제철과일,[에콰도르산] 치키타 바나나 (1.2kg내외),2980,4.86
제철과일,한라봉 1.5kg/박스,13900,4.83
제철과일,샤인머스캣 2.2kg/박스,29900,4.72
제철과일,저탄소인증 사과 1.4kg이상/봉,7980,4.81
제철과일,[국산의 힘] 산청 장희 딸기 750g/팩 (대),19900,4.63
제철과일,친환경 감귤 2kg/박스,7980,4.64
제철과일,[국산의 힘] 금실딸기 650g/팩,15900,4.79
제철과일,[뉴질랜드산] 아보카도 4~5입/팩 (900g내외),5980,4.77
제철과일,완숙토마토 5~8입/팩 (1.2kg),7900,4.82
제철과일,파머스픽 아삭달콤 신고배 3kg/박스,13900,4.7
제철과일,더달콤 스테비아 대추방울토마토 550g/팩,7900,4.76
제철과일,[뉴질랜드] 아보카도 1개 (220g내외),1480,4.46
제철과일,럭셔리 별 토마토 600g/팩,6900,4.83
제철과일,[필리핀산] 델몬트 컷파인애플 540g,6980,4.83
제철과일,[칠레산] 생블루베리 310g,8980,4.79
제철과일,[뉴질랜드산] 제스프리 그린키위/팩 (1kg내외),7980,4.85
제철과일,더달콤 스테비아 아삭달달 방울토마토 550g/팩,7900,4.42
제철과일,[미국산] 냉동 블루베리 1.5kg/봉,12800,4.89
제철과일,무지개 방울토마토 750g/팩,6900,4.73
제철과일,[미국산] 레몬 9~15입/봉 (1.4kg내외),8980,4.82
제철과일,[페루산] 냉동딸기 1.3kg,5980,4.88
아이스크림,하겐다즈 딸기 473ml 파인트,7500,4.88
아이스크림,하겐다즈 바닐라 473ml 파인트,7500,4.87
아이스크림,하겐다즈 초콜릿 473ml 파인트,7500,4.87
아이스크림,[롯데] 월드콘 멀티(160ml*5입),4000,4.89
아이스크림,[하겐다즈]그린티 473ml 파인트,7500,4.88
아이스크림,하겐다즈 파인트 트위스트 다크 초코렛 & 그린티,7500,4.85
아이스크림,하겐다즈 피넛버터 크런치 473ml 파인트,7500,4.83
아이스크림,롯데 찰떡아이스90ml*5,4000,4.9
아이스크림,[롯데] 셀렉션  아이스크림 500ml,4000,4.88
아이스크림,[빙그레] 더 엑설런트 오리지널 800ml,6480,4.89
아이스크림,하겐다즈 트위스트 초코렛 & 바닐라,7500,4.84
아이스크림,하겐다즈  쿠키&크림 473ml 파인트,7500,4.84
아이스크림,No Brand 노브랜드쿠키칩아이스크림660ml,4180,4.92
아이스크림,하겐다즈 딸기 치즈 케익 473ml 파인트,7500,4.75
아이스크림,구구 크러스터660ml,4000,4.91
아이스크림,[롯데푸드] 구구 오리지널 460ml (92ml*5입),4000,4.9
아이스크림,하겐다즈 솔티드 카라멜 카푸치노 파인트,7500,4.84
아이스크림,[롯데] 티코 밀크 초코 510ml,5000,4.91
아이스크림,하겐다즈 다크 초콜렛 가나슈 & 아몬드,7500,4.85
아이스크림,셀렉션 싱글초코,4000,4.86
아이스크림,빼빼로바아몬드 4입,2400,4.83
아이스크림,하겐다즈 벨지안 초콜렛 & 헤이즐럿 파인트,7500,4.75
아이스크림,No Brand 노브랜드향긋한바닐라향아이스5L,12980,4.91
아이스크림,롯데  티코 다크 초코 510ml,5000,4.91
아이스크림,하겐다즈 바닐라 피칸 파인트 473ml,7500,4.79
아이스크림,하겐다즈 트위스트 초코렛 & 딸기,7500,4.93
아이스크림,[빙그레] 메로나 75ml*8,3430,4.91
아이스크림,[빙그레] 비비빅 70ml*8,3430,4.91
아이스크림,[롯데] 찰옥수수 700ml(140ml*5개입),4000,4.9
아이스크림,롯데 조안나바 396ml (33ml x 12개),6000,4.92
아이스크림,No Brand 노브랜드 리얼콘바닐라160ml*5,3580,4.78
아이스크림,PEACOCK 피코크 욜로우 민트초코칩 474ml,5980,4.59
아이스크림,빼빼로바 크런키 4입,2400,4.32
아이스크림,[롯데] 스크류바 75mlx6개,3600,4.93
아이스크림,No Brand 노브랜드구슬아이스크림200g,6580,5.0
아이스크림,상하목장 얼려먹는 아이스주스 망고 510ml,4980,4.91
아이스크림,[롯데]죠스바 6입,3600,4.93
아이스크림,롯데  위즐 바닐라 피칸 아이스크림 660ml,4000,4.82
아이스크림,PEACOCK 피코크 욜로우 녹차 474ml,5980,4.59
아이스크림,[롯데] 설레임 밀크 쉐이크(160ml*5) 800ml,6000,4.91
아이스크림,No Brand 노브랜드상큼한딸기아이스5L,12980,4.88
아이스크림,PEACOCK 피코크 욜로우 바닐라 474ml,5980,4.56
아이스크림,[롯데]조안나 호두850ml,5000,4.88
아이스크림,월드콘 초코멀티 160ml*5,4000,4.83
아이스크림,[롯데]옥동자 70ml*6,3600,4.88
아이스크림,PEACOCK 피코크 유기농 딸기아이스크림 474ml,7980,4.56
아이스크림,롯데푸드 프라임홈 900ml,5500,4.83
돼지고기,"No Brand [노브랜드][냉동] 삼겹살 바로구이 (1,000g)",12900,4.88
돼지고기,국내산 삼겹살 구이용 (100g),2580,4.85
돼지고기,국내산 돈앞다리 불고기용 (100g),1680,4.86
돼지고기,국내산 돈목심 구이용 (100g),2580,4.9
돼지고기,국내산 돈앞다리 수육용 (100g),1680,4.86
돼지고기,국내산 돈뒷다리 불고기용 (100g),1080,4.89
돼지고기,국내산 두툼 칼집 삼겹살 (100g),2780,4.95
돼지고기,국내산 삼겹살 수육용 (100g),2580,4.81
돼지고기,국내산 돈갈비찜용 (100g),1680,4.83
돼지고기,"No Brand [노브랜드][냉동] 돼지 목심 바로구이 (1,000g)",10900,4.87
돼지고기,국내산 돈등심 카레용 (100g) (팩),1680,4.92
돼지고기,국내산 돈뒷다리 다짐육 (100g),1080,4.93
돼지고기,국내산 삼겹살 찌개용 (100g),2580,4.85
돼지고기,"[냉동][스페인산] 뼈없는 대패 삼겹살 (1,000g)",12980,4.89
돼지고기,[국산의힘][냉동] 얼룩도야지 두툼 삼겹살 (350g),8780,4.86
돼지고기,국내산 돈등심 잡채용 (100g) (팩),1680,4.9
돼지고기,[더느림] 돈앞다리 (100g),1980,4.83
돼지고기,No Brand [노브랜드][냉동] 감자탕용 등뼈 (1.5kg),4980,4.86
돼지고기,[맥돈] 돈앞다리 (100g),1980,4.85
돼지고기,[더느림] 돈등갈비 (100g),3880,4.87
돼지고기,[냉동][미국산] 소스와 볶아먹는 매콤달콤 제육볶음 (600g),8080,4.86
돼지고기,국내산 돈안심 장조림용 (100g) (팩),1680,4.92
돼지고기,[더느림]  삼겹살 (100g),3680,4.83
돼지고기,[국산의힘][냉동] 얼룩도야지 목심 (350g),8780,4.91
돼지고기,[냉동] 국내산 삼겹살 (800g),17980,4.76
돼지고기,국내산 돈등심 탕수육용 (100g) (팩),1680,4.89
돼지고기,[냉동] 이베리코 베요타 목심 (400g),12480,4.82
돼지고기,[더느림] 돈목심 (100g),3680,4.9
닭고기,"No Brand [노브랜드][냉동] 닭가슴살 (1,000g)",5900,4.93
닭고기,[하림] 무항생제 두마리 영계 1kg (500g*2),8980,4.89
닭고기,"[하림] 무항생제 닭 (볶음탕용) (1,000g)",6480,4.92
닭고기,"No Brand [노브랜드][냉동] 닭안심 (1,000g)",5900,4.92
닭고기,"[마니커] 크리스마스 닭 (볶음탕용) (1,200g)",5980,4.94
닭고기,[하림] 무항생제 닭다리살 (정육) (400g),7980,4.93
닭고기,CJ 더건강한 닭가슴살 직화 통살구이 100g,2980,4.93
닭고기,[하림] 무항생제 닭가슴살 (400g),5680,4.92
닭고기,[하림] 무항생제 닭안심 (400g),5680,4.94
닭고기,대림 사조안심 닭가슴살 블랙페퍼 100g,1980,4.92
닭고기,"[하림] 동물복지 닭 (백숙용) (1,000g)",7980,4.94
닭고기,CJ 더건강한 닭가슴살 직화 스테이크 100g,2980,4.88
닭고기,[대림]사조안심 닭가슴살 훈제 100g,1980,4.89
닭고기,"[동우] 무항생제 닭 (백숙용) (1,000g)",6880,4.86
닭고기,하림 닭가슴훈제100g,2080,4.85
닭고기,"[하림] 토종닭 (백숙용) (1,050g)",10980,4.89
닭고기,"[우리땅] 토종닭 (볶음탕용) (1,000g)",8980,4.78
닭고기,"[마니커][냉동] 무항생제 닭가슴살 (1,000g)",6980,4.9
닭고기,[마니커][냉동] 무항생제 닭봉 (800g),8980,4.88
닭고기,[마니커][냉동] 초간단 닭발 (250g),4880,4.89
닭고기,동원 그릴리 닭가슴살 오리지널 110g,2980,4.96
닭고기,[마니커] 무항생제 닭다리 (북채) (600g),8980,4.87
닭고기,동원 그릴리 닭가슴살 블랙페퍼 110g,2980,5.0
닭고기,테미즈 [BEST Fresh][두메산골]당일손질 냉장 닭다리살(정육)1kg+1kg(2kg),20900,4.84
닭고기,삼립 닭가슴살 슬라이스 블랙페퍼 400g,6980,4.88
닭고기,"[마니커][냉동] 무항생제 닭안심 (1,000g)",6980,4.9
닭고기,[하림] 매콤한 뼈없는 닭발 (300g),7980,4.56
닭고기,[하림] 프리미엄하얀속살햄100g3,5800,4.89
닭고기,[마니커] 무항생제 닭 (백숙용) (800g),7480,4.9
닭고기,PEACOCK [피코크] 매운 바베큐 닭다리 165g,2980,4.88
닭고기,[마니커][냉동] 무항생제 닭윙 (800g),8980,4.87
닭고기,[마니커] 무항생제 닭윗날개 (봉) (600g),8980,4.86
닭고기,[마니커] 무항생제 닭아랫날개 (윙) (600g),8980,4.96
닭고기,교촌1991 [BEST Fresh][교촌] 치킨 맛집 교촌의 닭가슴살 골라담기★사은품 증정,990,4.95
닭고기,[마니커] 닭근위 (400g),3980,4.9
닭고기,교촌1991 [BEST Fresh][교촌] 닭가슴살/소시지/볶음밥 균일가★사은품 증정,5900,4.89
우유,남양유업 맛있는우유GT 멸균 200ml*24,10980,4.92
우유,[서울우유] 서울우유 1000ml 나100%,2710,4.94
우유,[서울우유] 서울우유 2.3L,6350,4.95
우유,PEACOCK 피코크 에이 클래스 우유 2.3L (1A등급)(남양유업),4960,4.89
우유,매일유업 [매일] 우유 오리지널 후레쉬팩 900ML*2,4980,4.95
우유,[서울우유] 후레쉬 밀크 기획(900ml*2) 1800ml,4780,4.95
우유,[매일] 소화가 잘되는 우유 930ml,3290,4.94
우유,서울우유 1.8L,4990,4.94
우유,[서울우유] 속편한 우유 저지방 (900ml*2),4780,4.9
우유,"No Brand 노브랜드 굿모닝 굿밀크1,000ml",1580,4.94
우유,남양유업 [남양] 맛있는 우유 GT 900ml×2,4480,4.94
우유,PEACOCK 피코크 더 클래스 우유 900ml (1등급)(남양유업),1984,4.89
우유,[빙그레] 바나나맛 우유(240ml4개) 960ml,4900,4.95
우유,[매일] 소화가 잘되는 저지방 우유 930ml,3290,4.94
우유,[서울우유] 저지방 우유 1000ml,2850,4.92
우유,[서울우유] 서울우유 (200ml*3개),2640,4.94
우유,[덴마크] 대니쉬 the건강한우유(900ml*2) 1800ml,4280,4.93
우유,매일유업 [매일] 소화가 잘되는 멸균우유 (190ml16),12480,4.94
우유,파스퇴르 후레쉬 우유 2입(900ml*2),6180,4.93
우유,서울 초코우유 200ml*3입,2640,4.95
우유,[빙그레] 바나나맛 우유 Value 6팩(240ml*6개) 1440ml,6880,4.94
우유,서울 커피우유 200ml*3입,2640,4.93
우유,[파스퇴르] 후레쉬우유(200ml*3입) 600ml,2540,4.95
우유,매일유업 [매일] 우유 저지방2% 후레쉬팩 900ML*2,4780,4.94
우유,[빙그레] 바나나 스페셜(240ml*6개) 1440ml,6880,4.93
우유,매일유업 [매일] 아몬드브리즈 오리지널 950ml,2780,4.91
우유,[서울우유] 저지방 우유 1800ml,5290,4.92
우유,상하목장 유기농우유 900ml,4122,4.95
우유,[파스퇴르] 파스퇴르 우유 2.3L,6980,4.94
우유,매일유업 매일우유 저지방 1% 멸균(200mL X 24입),14800,4.92
우유,서울우유 그린라벨 (1L*2입),5980,4.9
우유,매일유업 [매일] 소화가잘되는우유 멸균 (190ml*6입),5680,4.93
우유,남양유업 [남양] 고소한 저지방우유 900ml*2,4680,4.91
우유,매일유업 [매일] 오리지널(200ml*3개) 600ml,2270,4.95
우유,[서울우유] 목장의 신선함이 살아 있는 저지방 1L,3300,4.93
우유,서울 딸기우유 200ml*3입,2640,4.94
우유,남양유업 남양 초코에몽 250ml*4,3840,4.92
우유,상하 무항생제 저온살균 우유 저지방 900ml,3500,4.84
우유,상하목장 유기농 저지방우유 900ml,4122,4.93
우유,덴마크 소화가 잘되는 우유 900mL*2입,4980,4.9
우유,[빙그레] 바나나맛 우유 라이트(240ml4개) 960ml,4900,4.93
우유,[푸르밀] 고칼슘 저지방 우유(900ml*2) 1800ml,4280,4.92
우유,상하목장 유기농 멸균우유 1200ml (200ml*6),7400,4.93
우유,동원 고칼슘우유900ml*2,4180,4.88
우유,매일유업 우유속에 딸기과즙 300ml 3입 기획,2980,4.9
우유,매일유업 매일 소화가 잘되는우유 초콜릿 190ml*6입,5380,4.92
우유,상하목장 유기농 우유 750ml,4980,4.92
우유,상하목장 유기농 우유 500ml (125ml*4입),4400,4.98
우유,매일유업 우유속에 코코아과즙 300ml 3입 기획,2980,4.95
우유,[푸르밀] 생과즙 바나나 우유(225ml*4) 900ml,3980,4.93
우유,매일유업 매일 멸균 소화가잘되는 저지방우유 6입,5680,4.94
우유,PEACOCK 피코크 핑크퐁 유기농인증 딸기 우유 125mL X 4 (멸균우유),4400,4.99
우유,[푸르밀] 가나 쵸코 우유(225ml*4) 900ml,3980,4.93
우유,서울우유 그린라벨 1L,3490,4.89
우유,남양 맛있는우유GT 슈퍼밀크 900ml*2,5180,4.9
우유,서울우유 유기농 우유 700ml,4980,4.84
우유,아몬드브리즈 프로틴 190ml*6입,4540,4.9
우유,상하목장 유기농 딸기우유 500ml (125ml*4입),4400,4.96
우유,[빙그레] 딸기맛 우유 240ml4,4900,4.93
우유,[서울우유] 멸균우유(1L*10개입),21700,4.85
세제,[유한] 펑크린 (1.5ℓ + 200ml),3280,4.93
세제,No Brand [노브랜드] 더 경제적인 주방 세제 4L,4580,4.89
세제,다우니 고농축 섬유유연제 엑스퍼트 2L(실내건조),10000,4.92
세제,프릴 맑은 식초 750ML(상큼한라임),7500,4.9
세제,리큐 진한겔 베이킹소다 2.7L 드럼,11900,4.93
세제,[유한락스] 레귤러 3.5L,6260,4.93
세제,퍼실 파워젤 2.7L 드럼,23800,4.92
세제,퐁퐁 베이킹소다 1200ml 리필,4900,4.93
세제,홈스타 락스와 세제 후로랄 파인 (750ml),4500,4.92
세제,프릴 맑은 식초 750ML(산뜻한자몽),7500,4.92
세제,프릴 맑은 식초 상큼한 라임향 1L,7500,4.89
세제,No Brand 노브랜드 깨끗한 락스4.3L,3380,4.93
세제,LG생활건강 한입 과탄산소다 2KG,13900,4.92
세제,자연퐁 오렌지 1570ML,8900,4.92
세제,유한락스 욕실청소용 900ml*2,7500,4.9
세제,홈스타 욕실세정용 900ML,7500,4.89
세제,다우니 고농축 섬유유연제 엑스퍼트 2.6L(실내건조),16400,4.96
세제,한입 베이킹소다 4KG,13900,4.93
세제,테크 울드라이 1.3L 리필,4900,4.92
세제,자연퐁 주방세제 제균솔잎 1570ML,8900,4.92
세제,[유한락스] 레귤러 500ML,1450,4.93
세제,리큐 진한겔 베이킹소다 2.7L(일반),11900,4.9
세제,테크 분말세탁세제 4KG,10900,4.91
세제,LG생활건강 테크 특유취제거 2.7L 드럼,9900,4.85
세제,프릴 맑은 식초 1L(산뜻한자몽),7500,4.92
세제,[유한락스] 후레쉬 락스 1.5L,3590,4.93
세제,백광 파워 트래펑 2L,4500,4.9
세제,[이마트가 직접 수입한] USA 다우니 에이프릴후레쉬 3.06L,14900,4.92
세제,홈스타 변기세정제40G X 4P,3900,4.85
세제,홈스타 싱크대배수관 세정제(1회분),8500,4.83
세제,[애경] 울샴푸 오리지널 리필 1.8L,7800,4.92
세제,LG생활건강 테크 특유취제거 2.7L 일반,9900,4.86
세제,다우니 퍼퓸 초고농축 섬유유연제 2L(블랙 미스티크),10000,4.92
세제,다우니 프리미엄 액체형 세제 1.7L(실내건조),9000,4.93
세제,비트 EX 분말세탁세제 4KG,11900,4.91
세제,홈스타 뿌리는 곰팡이 싹 900ml,7500,4.88
세제,메소드 주방세제 리필1000ml(레몬민트),4940,4.93
세제,No Brand 파워 배수관세척제2L,3280,4.9
세제,다우니 프리미엄 세탁세제 2L(실내건조),11000,4.93
세제,홈스타 세면대 배수관 클리너,8500,4.86
세제,LG생활건강 한입 구연산 2KG,13900,4.92
세제,No Brand 노브랜드 표백비누 450g,980,4.88
세제,샤프란 아로마 리필 2.1L_구연산,2980,4.94
세제,[홈스타] 바르면 곰팡이 싹 120ml,4600,4.89
세제,바르는 비트 220ml,3490,4.9
세제,비트 실내건조 분말세탁세제 4.2KG,11900,4.91
세제,프릴 베이킹소다 퓨어레몬 750ML 용기,7500,4.9
세제,유한락스 주방청소900ML*2,7500,4.87
세제,참그린 유럽에서온 베이킹소다&구연산 주방세제1.2L 리필,2205,4.9
세제,헨켈 퍼실 라벤더  2.7L(일반용),23800,4.92
세제,다우니 초고농축 섬유유연제 2.6L(블루 레몬그라스와 달콤한 라일락 향),13300,4.93
세제,No Brand 주방세제1L,2980,4.89
세제,유한젠 표백제 1.8L,8900,4.89
세제,홈스타 착붙는 락스 스프레이 900ml,7500,4.84
세제,No Brand [노브랜드] 액체세제 리필 2.1L (일반용),3980,4.9
세제,다우니 퍼퓸 초고농축 섬유유연제 2L(스프링 가든 러브),10000,4.93
세제,홈스타 속 시원한 변기클리너(1회분),8500,4.8
세제,LG생활건강 피지 바이럭스 액체세제 2.7L(오리지널),19900,4.89
세제,자연퐁 스팀워시 식기세척기세제 55입,13900,4.9
세제,다우니 퍼퓸 초고농축 섬유유연제 2.6L(블랙 미스티크),16400,4.94
화장지,No Brand 노브랜드 도톰한 물티슈 100매,980,4.93
화장지,크리넥스 3겹 데코&소프트 30m*30롤,21762,4.92
화장지,No Brand 노브랜드 키친타올 200매*6롤,4900,4.93
화장지,No Brand [노브랜드] 깨끗한 물티슈 100매,880,4.88
화장지,크리넥스 울트라클린 화이트 비데 3겹 30m*30롤,26600,4.9
화장지,크리넥스 순수소프트내추럴 3겹 30m*30롤,17900,4.9
화장지,[코디] 순한 3겹데코 33m*30롤,16800,4.88
화장지,크리넥스 키친타월 150매*6롤,5500,4.91
화장지,크리넥스 디럭스미니 카카오230매6입,10400,4.9
화장지,크리넥스 실크소프트 미용티슈 230매 *6입,10900,4.91
화장지,크리넥스 마이비데 물티슈 42매*6입,13500,4.92
화장지,[크리넥스] 내츄럴소프트 미용티슈 270매6입,15500,4.92
화장지,크리넥스 수앤수 코튼클린 오리지널캡 80x6,12900,4.89
화장지,그루 키친타올 230매*4입,3980,4.91
화장지,[코디] 키친타올 150매*6롤,7600,4.91
화장지,크리넥스 뽑아쓰는키친타올140매*4입,10800,4.91
화장지,깨끗한나라 순수 시그니처 4겹 25m*30롤,27900,4.85
화장지,코디  데코레이션 화장지 45m*30롤,16800,4.77
화장지,깨끗한나라 99.9% 손소독물티슈60매(캡),3900,4.89
화장지,크리넥스 안심 프리미엄 3겹 키친타올 140매x4롤,5900,4.9
화장지,코디 뽑아쓰는 키친타월 150*4,5890,4.94
화장지,깨끗한나라 키친타올150매4+4입(2겹),5900,4.9
화장지,크리넥스 3겹 더건강한케어 30M*30롤,35900,4.73
화장지,No Brand 노브랜드 Suprise 3겹 화장지 27m*36롤,10980,4.89
화장지,크리넥스 마이비데 물티슈(캡) 46매*4입,10900,4.93
화장지,크리넥스 내추럴소프트 숲속향 250매6입,11900,4.89
화장지,이마트24 민생화장지 3겹 27M *30롤,9800,4.87
화장지,[코디] 내추럴 미용티슈 230매*6입,10800,4.89
화장지,크리넥스 안심물티슈60매(캡),2600,4.89
화장지,깨끗한나라 아이리스 30M 30롤,15500,4.89
화장지,코디 기름먹는 키친타올 140*6,4900,4.89
화장지,그루3겹데코 33M30롤,13900,4.84
화장지,깨끗한나라  순수 소프티 미용티슈 260매*6입,8900,4.87
화장지,이마트24 민생화장지 3겹 40M *12롤,5900,4.88
화장지,[코디] 울트라 슈퍼 스트롱 키친타올 130매*6롤,7300,4.9
화장지,코디 에코그린 화장지 30m*30롤,12900,4.89
화장지,No Brand 노브랜드 스마트 미용티슈 200매*4입,3780,4.9
화장지,크리넥스 안심 손소독티슈 30+2매,2100,4.83
화장지,깨끗한나라 촉앤감케어 3겹 30m*30롤,25900,4.9
화장지,"코디 고창황토(특허받은 화장지)30m X 30롤 2팩(천연펄프, 무료배송)",25200,4.9
화장지,더도톰한 리트리 물티슈(캡) 100매6입,13900,4.92
화장지,No Brand [노브랜드] 로션 미용티슈 200매*3개입,4480,4.89
화장지,크리넥스 수앤수 20매 카카오(색상랜덤발송),1100,4.92
화장지,No Brand 노브랜드 도톰한 3겹 키친타월 150매*4롤,4880,4.89
화장지,No Brand 노브랜드 Lotion&Soft 3겹 화장지 27M*12롤,6980,4.85
화장지,유한킴벌리 크리넥스 3겹 천연펄프 데코&소프트 화장지 37M-24롤x2팩,37900,4.83
화장지,크리넥스 마이비데 카카오 캡 40매,2000,4.92
화장지,크리넥스 마이비데 키즈 캡 42매x4,10900,4.94
화장지,코디 홈냅킨 100매*6입,3890,4.84
화장지,크리넥스 수앤수 카카오라이언80매(캡),2000,4.89
화장지,잘풀리는집 깨끗한3겹 순&순 30m*30롤,15900,4.89
화장지,코디 올록볼록 점보롤티슈 300Mx4롤,10500,4.89
화장지,코디 스위티베어200매6입,7500,4.9
화장지,모나리자 보타닉포레 천연펄프 화장지 3겹 30롤 2팩 (총60롤),23814,4.84
화장지,유한킴벌리 크리넥스 3겹 천연펄프 순수소프트 화장지 27M-30롤x2팩,33900,4.79
화장지,코디 안심 3겹 키친타월 160*4,6500,4.91
화장지,깨끗한나라 닥터비데 화장실용물티슈 46매*4입(캡),8900,4.91
화장지,"코디 순백 화장지 30m*30롤 3팩 (천연펄프, 3겹, 무형광)",35910,4.85
화장지,크리넥스 수앤수 코튼클린 오리지널캡 80x6 (택배배송),12900,4.85
화장지,크리넥스 마이비데 밸런스케어 10매x4,3000,4.91
뷰티케어,모다모다 프로체인지 블랙샴푸 300g,34000,4.79
뷰티케어,[JAJU/자주]신세계인터내셔날 단단한 엠보형 면봉 200P,2900,4.94
뷰티케어,팬틴 골든 미라클 트리트먼트 220mL(극손상케어),7500,4.89
뷰티케어,[클린앤클리어] 훼이셜 포밍클렌져 150ml,6480,4.91
뷰티케어,잘스며드는 화장솜 222매입,1500,4.95
뷰티케어,헤드앤숄더 샴푸 850mL(애플 프레쉬),14400,4.92
뷰티케어,[아비노] 데일리 모이스춰라이징 로션 354ml,17910,4.81
뷰티케어,아이깨끗해 기획(거품형) 레몬 (용기250ml+리필200mlX3),8800,4.94
뷰티케어,아이깨끗해 거품형 순 용기 250ml,5310,4.94
뷰티케어,아이깨끗해 거품형 순 리필 200ml,4050,4.95
뷰티케어,해피바스 코튼플라워섬 퍼퓸비누 4입,3950,4.91
뷰티케어,[해피바스] 라벤더 에센스 모이스춰 비누 90g4입,3950,4.92
뷰티케어,엘라스틴 토탈리페어 샴푸 1800ml 마카다미아,6950,4.85
뷰티케어,도브 뷰티너리싱 바디워시 1kg,11900,4.94
뷰티케어,헤드앤숄더 샴푸 850mL(쿨 멘솔),14400,4.93
뷰티케어,세꼼마 버블 핸드워시 파우더 250ml,5900,4.95
뷰티케어,프레시팝 두피클렌징(그린허브 모히또) 샴푸 500ml,4370,4.87
뷰티케어,해피바스 프레시스윗인 네이처 바디워시900g,3900,4.89
뷰티케어,세꼼마 버블항균 핸드워시 레몬 200ml(리필),3900,4.9
뷰티케어,케라시스 퍼퓨머리 샴푸600ml(러블리),3000,4.92
뷰티케어,클라보 프레쉬 시트러스 샴푸 960ml,13900,4.81
뷰티케어,"팬틴 샴푸 1,200mL(극손상케어)",9900,4.93
뷰티케어,팬틴 골든 미라클 트리트먼트 220mL(엑스트라 볼륨),7500,4.89
뷰티케어,[도브] 뷰티바(비누) 100g4입,7900,4.92
뷰티케어,댄트롤 딥 클린 프레쉬 (지성) 샴푸 820ML,4500,4.89
뷰티케어,벨먼 프로폴리테라 스크럽 바디워시 500ML,7950,4.9
뷰티케어,No Brand [노브랜드] 부드럽고 촉촉한 핸드 워시500ml,3980,4.88
뷰티케어,No Brand 노브랜드 매일쓰는네모화장솜 240매,1980,4.89
뷰티케어,[JAJU/자주]신세계인터내셔날 매일 쓰는 위생적인 대용량 종이 면봉 800P,6900,4.94
뷰티케어,일리윤 세라마이드 아토 로션 528ML,14900,4.93
뷰티케어,클라보 트로피칼 시트러스 샴푸 960ml,13900,4.77
뷰티케어,일리윤 세라마이드 아토 6.0탑 투토 워시500ML,6900,4.93
뷰티케어,도브 센서티브 바디워시 1kg,11900,4.92
뷰티케어,아이깨끗해 거품형 레몬 리필 200ml,4050,4.93
뷰티케어,오가니스트 샴푸1100ml(체리블라썸),11900,4.92
뷰티케어,헤드앤숄더 샴푸 850mL(딥 클린),14400,4.92
뷰티케어,[바세린] 퓨어스킨젤리 오리지날 50ml,2200,4.93
뷰티케어,[JAJU/자주]신세계인터내셔날 분리되는 4겹 멀티 화장솜 100P,3900,4.86
뷰티케어,케라시스 퍼퓨머리 샴푸600ml(엘레강스),3000,4.92
뷰티케어,아이깨끗해 기획(거품형) 청포도 (용기250ml+리필200mlX3),8800,4.93
뷰티케어,해피바스 순한 바디워시 1100g,9900,4.93
뷰티케어,벨먼 아유르벨 버블바스&샤워젤 라벤더향 400ml,7450,4.85
뷰티케어,B&H 핑크 매그놀리아 앤 페어 핸드워시 500,6900,4.79
뷰티케어,[아비노] 스킨 릴리프 모이스춰라이징 로션 354ml,19900,4.87
뷰티케어,온더바디 더내추럴 레몬 바디워시 900g,5900,4.9
뷰티케어,아이깨끗해 거품형 레몬 용기 250ml,5310,4.93
뷰티케어,케라시스 퍼퓨머리 린스600ml(러블리),3000,4.91
뷰티케어,"팬틴 컨디셔너 1,200mL(극손상케어)",9900,4.94
뷰티케어,도브 시어버터 바디워시 1kg,11900,4.88
뷰티케어,케라시스 퍼퓨머리 린스600ml(엘레강스),3000,4.89
뷰티케어,벨먼 파퓸드뽀 바디로션 머스크향 280ml,14900,5.0
뷰티케어,[클린앤클리어] 딥 액션 폼클렌져,8900,4.91
뷰티케어,미쟝센 퍼펙트세럼샴푸 680ml,7500,4.92
뷰티케어,[JAJU/자주]신세계인터내셔날 위생적인 종이 면봉 300P,3900,4.89
뷰티케어,닥터하우쉬카,14400,5.0
뷰티케어,립 케어 스틱,12510,4.9
뷰티케어,니베아 스무드 바디 로션 400ml,11900,4.91
뷰티케어,오가니스트 샴푸1100ml(핑크솔트),6900,4.73
뷰티케어,자스민 앤 애플블러썸,5950,4.93
뷰티케어,"케라시스 샴푸 1,000ml(데미지 케어)",19000,4.85
뷰티케어,해피바스 라이스 보습 클렌징폼 200G,3900,4.85
뷰티케어,뉴트로지나 인텐스리페어 핸드크림 56g,7900,4.87
뷰티케어,려  약용라인 탈모 샴푸 유자 800ml,15900,4.82
뷰티케어,클라보 프레쉬 시트러스 린스 960ml,13900,4.87
뷰티케어,LG생활건강 프로폴리테라 헤어로스컨트롤 샴푸 500ml(고영양),22000,5.0
뷰티케어,[JAJU/자주]신세계인터내셔날 부드러운 뽀족 면봉 리필 200P (리필용),2500,4.84
뷰티케어,아이깨끗해 기획(거품형) 레몬 (용기250ml+리필200mlX3),8800,4.91
뷰티케어,헤드앤숄더 컨디셔닝 린스 850mL(딥 클린),14400,4.94
뷰티케어,아이깨끗해 거품형 청포도 리필 200ml,4050,4.94
뷰티케어,해피바스 화이트 로즈에센스바디워시900g,5900,4.91
뷰티케어,"팬틴 샴푸 1,200mL(데일리 모이스처 리뉴얼)",9900,4.9
등산용품,[하루온팩] 파스형핫팩 10입 (50g),4130,4.92
등산용품,[하루온팩] 발난로핫팩 10입 (40g),3430,4.86
등산용품,[불곰팩] 손난로핫팩 5입 (특대형/중형),2730,4.93
등산용품,[랜덤박스핫팩] 손난로핫팩 30입 (80g),8330,4.18
등산용품,[불곰팩] 손난로핫팩 5입 (특대형/중형),4130,5.0
등산용품,[화롯불] 손난로핫팩 5입 (80g),2730,4.89
등산용품,마이핫(MYHOT) 마이핫 보온대 160g (60개입),33500,4.91
등산용품,[화롯불] 손난로핫팩 5입 (140g),3430,5.0
등산용품,[핫팩랜덤박스] 손난로핫팩 30입 (140g),10430,5.0
등산용품,[화롯불] 파스형핫팩 10입 (40g),4130,5.0
등산용품,[마운틴이큅먼트] 베이직 워머 장갑,8900,4.86
등산용품,트렉스타  코브라 GT 900/시티화/최신형/경등산화/트레킹화/매장 정품 AS보장,80750,4.82
등산용품,마이핫(MYHOT) 마이핫 보온대 160g (30개입),17900,4.8
등산용품,트렉스타 프리미엄 어코드 3단 초경량 등산스틱 2개 1세트 + 케이스 - 2021년형,31410,4.89
등산용품,블랙야크귀마개 100%정품 신제품,5500,4.93
등산용품,레키 보이저 등산 스틱,69000,4.82
등산용품,데카트론  성인용 하이킹 플리스 보온 장갑 e,4410,5.0
등산용품,SSG랜더스 손난로핫팩 5입 (80g),2730,4.88
등산용품,"[디퍼아웃사이드]  체인 아이젠 M/L(13발, 스테인리스 스틸, 수납케이스포함)",19900,4.83
등산용품,[무료배송]다봉산업 마이핫 보온대 대용량 군부대핫팩 10개 1BOX,9800,4.73
등산용품,[마운틴이큅먼트] 폴라장갑,6900,5.0
등산용품,트렉스타 코브라 FS 3.5 GTX / 트레킹화/아웃도어,139000,5.0
등산용품,K2(케이투) K2 정품 비니 IMW16950 숏비니/니트모자,4275,4.7
등산용품,마운틴이큅먼트 [리베로] 루크 체인 아이젠(S/M/L),16625,4.65
등산용품,K2세이프티 K2 세이프티 귀마개 방한용품 IMW12902,8613,4.67
등산용품,KOVEA(코베아) 코베아 짚신6 플러스 아이젠 등산용품 빙판 겨울산행,24436,4.92
등산용품,K2(케이투) K2 보온장갑 IMW13902 스마트폰 터치 방한장갑,18525,5.0
등산용품,일우 핸들러 LED 휴대용 충전식 손난로 보조배터리 10000mAh 대용량 C타입USB 핫팩 양면 네이비,31000,4.5
등산용품,[마운틴이큅먼트] 폴라 넥워머,6900,5.0
등산용품,[마모트] 플리스 여성장갑,15000,5.0
등산용품,마운틴이큅먼트  테디 스마트폰 터치장갑/겨울등산장갑/남여공용,15120,4.75
등산용품,[마운틴이큅먼트] 비니일체형워머,19900,5.0
등산용품,스탠리 GO 진공 슬림 보틀 473ml 보온보냉 텀블러,33300,5.0
등산용품,트렉스타  가볍고 튼튼한 미드컷 경등산화 / 파크,69000,5.0
등산용품,블랙야크 겨울용 워크웨어 S-발열조끼 배터리 포함,127395,4.7
등산용품,마운틴이큅먼트 [세트구성] 아이젠+스패츠+터치 장갑 세트상품,30875,4.76
등산용품,트렉스타  레이크 NEW 남녀 보아다이얼 트레킹화 BLACK,79000,4.68
등산용품,컬럼비아(COLUMBIA) 컬럼비아 여성 마운틴 후드 웜스마터 숏 다운자켓 C24YL3172 2종 택1,221000,5.0
등산용품,K2(케이투) K2 방한 귀마개 IMW12902 길이조절 보온 귀돌이,5539,3.0
등산용품,EVERLAST 에버라스트 엑티브 트레킹화/워킹화 와이어 등산화,42480,5.0
등산용품,겨울 남성 소프트 헤비 방한 점퍼 등산 작업복 패딩 잠바,40900,5.0
등산용품,피크나인  KJP07598 겨울 항공점퍼 블루종 남자 작업복 패딩,37530,5.0
등산용품,트렉스타 프리미엄 보이져 4단 초경량 등산스틱 2개 1세트 + 케이스 - 2021년형,39510,4.71
등산용품,아트박스 아트박스/파쉬 독일 파쉬 보온물주머니2L+폴리커버 핫팩 찜질팩,19665,4.83
등산용품,레드페이스 울리 어반 본딩 우먼 재킷 REWFJKF17351 차콜_동아 강북점,30000,4.68
등산용품,네파[NEPA] [네파]여성 에이프릴 APRIL 경량 다운 자켓7H62049,145170,5.0
등산용품,우리가스토리 국내생산 핫팩 L 100g 30팩,11662,5.0
등산용품,나이키 브라질리아 9.0 슈즈백 블랙 신발 주머니 트레이닝 가방 BA5967-010,32580,4.87
